id,book_id,best_book_id,work_id,books_count,isbn,isbn13,authors,original_publication_year,original_title,title,language_code,average_rating,ratings_count,work_ratings_count,work_text_reviews_count,ratings_1,ratings_2,ratings_3,ratings_4,ratings_5,image_url,small_image_url
2,3,3,4640799,491,439554934,9780439554930.0,"J.K. Rowling, Mary GrandPré",1997.0,Harry Potter and the Philosopher's Stone,"Harry Potter and the Sorcerer's Stone (Harry Potter, #1)",eng,4.44,4602479,4800065,75867,75504,101676,455024,1156318,3011543,https://images.gr-assets.com/books/1474154022m/3.jpg,https://images.gr-assets.com/books/1474154022s/3.jpg
9,960,960,3338963,311,1416524797,9781416524790.0,Dan Brown,2000.0,Angels & Demons ,"Angels & Demons  (Robert Langdon, #1)",en-CA,3.85,2001311,2078754,25112,77841,145740,458429,716569,680175,https://images.gr-assets.com/books/1303390735m/960.jpg,https://images.gr-assets.com/books/1303390735s/960.jpg
10,1885,1885,3060926,3455,679783261,9780679783270.0,Jane Austen,1813.0,Pride and Prejudice,Pride and Prejudice,eng,4.24,2035490,2191465,49152,54700,86485,284852,609755,1155673,https://images.gr-assets.com/books/1320399351m/1885.jpg,https://images.gr-assets.com/books/1320399351s/1885.jpg
18,5,5,2402163,376,043965548X,9780439655480.0,"J.K. Rowling, Mary GrandPré, Rufus Beck",1999.0,Harry Potter and the Prisoner of Azkaban,"Harry Potter and the Prisoner of Azkaban (Harry Potter, #3)",eng,4.53,1832823,1969375,36099,6716,20413,166129,509447,1266670,https://images.gr-assets.com/books/1499277281m/5.jpg,https://images.gr-assets.com/books/1499277281s/5.jpg
19,34,34,3204327,566,618346252,9780618346260.0,J.R.R. Tolkien,1954.0, The Fellowship of the Ring,"The Fellowship of the Ring (The Lord of the Rings, #1)",eng,4.34,1766803,1832541,15333,38031,55862,202332,493922,1042394,https://images.gr-assets.com/books/1298411339m/34.jpg,https://images.gr-assets.com/books/1298411339s/34.jpg
21,2,2,2809203,307,439358078,9780439358070.0,"J.K. Rowling, Mary GrandPré",2003.0,Harry Potter and the Order of the Phoenix,"Harry Potter and the Order of the Phoenix (Harry Potter, #5)",eng,4.46,1735368,1840548,28685,9528,31577,180210,494427,1124806,https://images.gr-assets.com/books/1387141547m/2.jpg,https://images.gr-assets.com/books/1387141547s/2.jpg
24,6,6,3046572,332,439139600,9780439139600.0,"J.K. Rowling, Mary GrandPré",2000.0,Harry Potter and the Goblet of Fire,"Harry Potter and the Goblet of Fire (Harry Potter, #4)",eng,4.53,1753043,1868642,31084,6676,20210,151785,494926,1195045,https://images.gr-assets.com/books/1361482611m/6.jpg,https://images.gr-assets.com/books/1361482611s/6.jpg
26,968,968,2982101,350,307277674,9780307277670.0,Dan Brown,2003.0,The Da Vinci Code,"The Da Vinci Code (Robert Langdon, #2)",eng,3.79,1447148,1557292,41560,71345,126493,340790,539277,479387,https://images.gr-assets.com/books/1303252999m/968.jpg,https://images.gr-assets.com/books/1303252999s/968.jpg
27,1,1,41335427,275,439785960,9780439785970.0,"J.K. Rowling, Mary GrandPré",2005.0,Harry Potter and the Half-Blood Prince,"Harry Potter and the Half-Blood Prince (Harry Potter, #6)",eng,4.54,1678823,1785676,27520,7308,21516,136333,459028,1161491,https://images.gr-assets.com/books/1361039191m/1.jpg,https://images.gr-assets.com/books/1361039191s/1.jpg
33,930,929,1558965,220,739326228,9780739326220.0,Arthur Golden,1997.0,Memoirs of a Geisha,Memoirs of a Geisha,eng,4.08,1300209,1418172,25605,23500,59033,258700,517157,559782,https://s.gr-assets.com/assets/nophoto/book/111x148-bcc042a9c91a29c1d680899eff700a03.png,https://s.gr-assets.com/assets/nophoto/book/50x75-a91bf249278a81aabab721ef782c4a74.png
35,865,865,4835472,458,61122416,9780061122420.0,"Paulo Coelho, Alan R. Clarke",1988.0,O Alquimista,The Alchemist,eng,3.82,1299566,1403995,55781,74846,123614,289143,412180,504212,https://images.gr-assets.com/books/1483412266m/865.jpg,https://images.gr-assets.com/books/1483412266s/865.jpg
36,3636,3636,2543234,192,385732554,9780385732550.0,Lois Lowry,1993.0,The Giver,"The Giver (The Giver, #1)",eng,4.12,1296825,1345445,54084,26497,59652,225326,448691,585279,https://images.gr-assets.com/books/1342493368m/3636.jpg,https://images.gr-assets.com/books/1342493368s/3636.jpg
42,1934,1934,3244642,1707,451529308,9780451529300.0,Louisa May Alcott,1868.0,Little Women,"Little Women (Little Women, #1)",en-US,4.04,1257121,1314293,17090,31645,70011,250794,426280,535563,https://s.gr-assets.com/assets/nophoto/book/111x148-bcc042a9c91a29c1d680899eff700a03.png,https://s.gr-assets.com/assets/nophoto/book/50x75-a91bf249278a81aabab721ef782c4a74.png
54,11,386162,3078186,257,345391802,9780345391800.0,Douglas Adams,1979.0,The Hitchhiker's Guide to the Galaxy,"The Hitchhiker's Guide to the Galaxy (Hitchhiker's Guide to the Galaxy, #1)",en-US,4.2,936782,1006479,20345,21764,41962,145173,299579,498001,https://images.gr-assets.com/books/1327656754m/11.jpg,https://images.gr-assets.com/books/1327656754s/11.jpg
79,1381,1381,3356006,1703,143039954,9780143039950.0,"Homer, Robert Fagles, E.V. Rieu, Frédéric Mugler, Bernard Knox",-720.0,Ὀδύσσεια,The Odyssey,eng,3.73,670326,710757,8101,29703,65629,183082,224120,208223,https://images.gr-assets.com/books/1390173285m/1381.jpg,https://images.gr-assets.com/books/1390173285s/1381.jpg
82,1845,1845,3284484,108,385486804,9780385486800.0,Jon Krakauer,1996.0,Into the Wild,Into the Wild,eng,3.94,647684,665377,17299,19229,35567,135199,248287,227095,https://images.gr-assets.com/books/1403173986m/1845.jpg,https://images.gr-assets.com/books/1403173986s/1845.jpg
92,1202,1202,5397,124,61234001,9780061234000.0,"Steven D. Levitt, Stephen J. Dubner",2005.0,Freakonomics: A Rogue Economist Explores the Hidden Side of Everything,"Freakonomics: A Rogue Economist Explores the Hidden Side of Everything (Freakonomics, #1)",en-US,3.93,524191,549301,13668,14586,26538,115789,216316,176072,https://images.gr-assets.com/books/1327909092m/1202.jpg,https://images.gr-assets.com/books/1327909092s/1202.jpg
94,320,320,3295655,555,60531045,9780060531040.0,"Gabriel García Márquez, Gregory Rabassa",1967.0,Cien años de soledad,One Hundred Years of Solitude,eng,4.04,490565,575667,21671,27340,37646,87675,155809,267197,https://images.gr-assets.com/books/1327881361m/320.jpg,https://images.gr-assets.com/books/1327881361s/320.jpg
100,7244,7244,810663,39,60786507,9780060786500.0,Barbara Kingsolver,1998.0,The Poisonwood Bible,The Poisonwood Bible,eng,4.02,546502,562787,19941,21699,33702,92590,175725,239071,https://images.gr-assets.com/books/1412242487m/7244.jpg,https://images.gr-assets.com/books/1412242487s/7244.jpg
127,2612,2612,2124255,100,316346624,9780316346630.0,Malcolm Gladwell,2000.0,The Tipping Point: How Little Things Can Make a Big Difference,The Tipping Point: How Little Things Can Make a Big Difference,eng,3.92,490504,499066,10895,15111,25871,106453,189120,162511,https://images.gr-assets.com/books/1473396980m/2612.jpg,https://images.gr-assets.com/books/1473396980s/2612.jpg
131,4395,18114322,2931549,381,142000663,9780142000660.0,John Steinbeck,1939.0,The Grapes of Wrath,The Grapes of Wrath,eng,3.92,322321,553352,12991,23552,40261,103475,173589,212475,https://images.gr-assets.com/books/1352912927m/4395.jpg,https://images.gr-assets.com/books/1352912927s/4395.jpg
145,976,976,3135896,180,671027387,9780671027380.0,Dan Brown,2001.0,Deception Point,Deception Point,eng,3.67,455610,479733,7798,14380,45006,143182,160819,116346,https://s.gr-assets.com/assets/nophoto/book/111x148-bcc042a9c91a29c1d680899eff700a03.png,https://s.gr-assets.com/assets/nophoto/book/50x75-a91bf249278a81aabab721ef782c4a74.png
150,4989,4989,1041558,80,312353766,9780312353770.0,Anita Diamant,1997.0,The Red Tent,The Red Tent,en-US,4.16,424981,449217,17234,9470,19616,67878,146178,206075,https://s.gr-assets.com/assets/nophoto/book/111x148-bcc042a9c91a29c1d680899eff700a03.png,https://s.gr-assets.com/assets/nophoto/book/50x75-a91bf249278a81aabab721ef782c4a74.png
189,33,33,3462456,380,618640150,9780618640160.0,J.R.R. Tolkien,1955.0,The Lord of the Rings,"The Lord of the Rings (The Lord of the Rings, #1-3)",eng,4.47,389054,436346,9365,4807,9577,37552,106818,277592,https://images.gr-assets.com/books/1411114164m/33.jpg,https://images.gr-assets.com/books/1411114164s/33.jpg
196,5759,5759,68729,162,393327345,9780393327340.0,Chuck Palahniuk,1996.0,Fight Club,Fight Club,eng,4.2,365349,388654,11176,4578,12632,58110,139554,173780,https://images.gr-assets.com/books/1357128997m/5759.jpg,https://images.gr-assets.com/books/1357128997s/5759.jpg
248,1622,1622,894834,1379,743477545,9780743477540.0,"William Shakespeare, Barbara A. Mowat, Paul Werstine, Catherine Belsey",1595.0,A Midsummer Night's Dream,A Midsummer Night's Dream,eng,3.94,334241,361510,5724,5598,20498,84388,130051,120975,https://images.gr-assets.com/books/1327874534m/1622.jpg,https://images.gr-assets.com/books/1327874534s/1622.jpg
249,4588,4588,1940137,104,618711651,9780618711660.0,Jonathan Safran Foer,2005.0,Extremely Loud and Incredibly Close,Extremely Loud and Incredibly Close,en-US,3.97,294726,319116,21107,8847,20556,61303,109008,119402,https://images.gr-assets.com/books/1327879967m/4588.jpg,https://images.gr-assets.com/books/1327879967s/4588.jpg
255,662,662,817219,147,452011876,9780452011880.0,"Ayn Rand, Leonard Peikoff",1957.0,Atlas Shrugged,Atlas Shrugged,eng,3.68,283295,296645,14666,30901,27442,53762,78744,105796,https://images.gr-assets.com/books/1405868167m/662.jpg,https://images.gr-assets.com/books/1405868167s/662.jpg
258,1232,1232,3209783,279,143034901,9780143034900.0,"Carlos Ruiz Zafón, Lucia Graves",2001.0,La sombra del viento,"The Shadow of the Wind (The Cemetery of Forgotten Books,  #1)",eng,4.24,263685,317554,24652,4789,11769,42214,101612,157170,https://images.gr-assets.com/books/1344545047m/1232.jpg,https://images.gr-assets.com/books/1344545047s/1232.jpg
260,4865,4865,2370171,353,,9780671723650.0,Dale Carnegie,1936.0,How to Win Friends and Influence People,How to Win Friends and Influence People,eng,4.13,282623,305437,7909,6734,13880,50529,94743,139551,https://images.gr-assets.com/books/1442726934m/4865.jpg,https://images.gr-assets.com/books/1442726934s/4865.jpg
268,6334,6334,1499998,159,1400078776,9781400078780.0,Kazuo Ishiguro,2005.0,Never Let Me Go,Never Let Me Go,eng,3.8,294123,323627,21927,9081,26036,78203,118163,92144,https://images.gr-assets.com/books/1353048590m/6334.jpg,https://images.gr-assets.com/books/1353048590s/6334.jpg
273,1103,1103,1453585,105,812968069,9780812968060.0,Lisa See,2005.0,Snow Flower and the Secret Fan,Snow Flower and the Secret Fan,eng,4.05,280475,290660,15807,3268,11286,56005,116178,103923,https://images.gr-assets.com/books/1327880508m/1103.jpg,https://images.gr-assets.com/books/1327880508s/1103.jpg
293,295,295,3077988,2573,753453800,9780753453800.0,Robert Louis Stevenson,1882.0,Treasure Island,Treasure Island,eng,3.82,268012,310515,7917,5349,19127,86487,114968,84584,https://images.gr-assets.com/books/1485248909m/295.jpg,https://images.gr-assets.com/books/1485248909s/295.jpg
298,2493,2493,3234863,1248,451528557,9780451528550.0,"H.G. Wells, Greg Bear, Carlo Pagetti",1895.0,The Time Machine,The Time Machine,eng,3.87,276076,303730,7353,3570,16119,81773,118129,84139,https://images.gr-assets.com/books/1327942880m/2493.jpg,https://images.gr-assets.com/books/1327942880s/2493.jpg
337,13,13,135328,32,345453743,9780345453750.0,Douglas Adams,1996.0,The Ultimate Hitchhiker's Guide: Five Complete Novels and One Story,The Ultimate Hitchhiker's Guide to the Galaxy,eng,4.37,222842,238420,4254,2657,6328,26431,66655,136349,https://images.gr-assets.com/books/1404613595m/13.jpg,https://images.gr-assets.com/books/1404613595s/13.jpg
371,350,350,908211,130,441788386,9780441788380.0,Robert A. Heinlein,1961.0,Stranger in a Strange Land,Stranger in a Strange Land,eng,3.91,220301,229222,6293,10416,16204,45343,69937,87322,https://images.gr-assets.com/books/1156897088m/350.jpg,https://images.gr-assets.com/books/1156897088s/350.jpg
374,21,21,2305997,155,076790818X,9780767908180.0,Bill Bryson,2003.0,A Short History of Nearly Everything,A Short History of Nearly Everything,en-US,4.19,191535,206367,9065,3514,7196,29992,71534,94131,https://s.gr-assets.com/assets/nophoto/book/111x148-bcc042a9c91a29c1d680899eff700a03.png,https://s.gr-assets.com/assets/nophoto/book/50x75-a91bf249278a81aabab721ef782c4a74.png
383,1241,1241,3140930,69,307276902,9780307276900.0,James Frey,2003.0,A Million Little Pieces,A Million Little Pieces,en-CA,3.62,184241,189931,10857,9619,18950,51504,63727,46131,https://images.gr-assets.com/books/1483206985m/1241.jpg,https://images.gr-assets.com/books/1483206985s/1241.jpg
388,50,50,1158125,93,689840926,9780689840920.0,Gary Paulsen,1986.0,Hatchet,"Hatchet (Brian's Saga, #1)",en-US,3.68,222553,231963,10378,12070,22390,59179,73180,65144,https://s.gr-assets.com/assets/nophoto/book/111x148-bcc042a9c91a29c1d680899eff700a03.png,https://s.gr-assets.com/assets/nophoto/book/50x75-a91bf249278a81aabab721ef782c4a74.png
397,343,343,2977727,364,140120831,9780140120840.0,"Patrick Süskind, John E. Woods",1985.0,Das Parfum. Die Geschichte eines Mörders,Perfume: The Story of a Murderer,eng,4.0,178135,222754,10057,5659,12862,41804,78658,83771,https://images.gr-assets.com/books/1409112276m/343.jpg,https://images.gr-assets.com/books/1409112276s/343.jpg
398,1097,1097,2207547,61,60838582,9780060838580.0,Eric Schlosser,2001.0,Fast Food Nation : The Dark Side of the All-American Meal ,Fast Food Nation: The Dark Side of the All-American Meal,eng,3.73,179347,183361,5063,7881,12314,47602,69009,46555,https://s.gr-assets.com/assets/nophoto/book/111x148-bcc042a9c91a29c1d680899eff700a03.png,https://s.gr-assets.com/assets/nophoto/book/50x75-a91bf249278a81aabab721ef782c4a74.png
489,2547,2547,2938937,721,000100039X,9780001000390.0,Kahlil Gibran,1923.0,The Prophet,The Prophet,eng,4.22,142641,164552,6263,2748,6601,24667,47472,83064,https://images.gr-assets.com/books/1355046521m/2547.jpg,https://images.gr-assets.com/books/1355046521s/2547.jpg
508,1869,1869,1840613,57,805063897,9780805063900.0,Barbara Ehrenreich,2001.0,Nickel and Dimed: On (Not) Getting By in America,Nickel and Dimed: On (Not) Getting By in America,eng,3.6,152786,157470,5723,10628,14572,40395,53783,38092,https://s.gr-assets.com/assets/nophoto/book/111x148-bcc042a9c91a29c1d680899eff700a03.png,https://s.gr-assets.com/assets/nophoto/book/50x75-a91bf249278a81aabab721ef782c4a74.png
514,3590,3590,1222101,1235,192835084,9780192835090.0,Arthur Conan Doyle,1892.0,The Adventures of Sherlock Holmes,The Adventures of Sherlock Holmes,eng,4.29,139816,184991,4922,864,3047,24897,68111,88072,https://s.gr-assets.com/assets/nophoto/book/111x148-bcc042a9c91a29c1d680899eff700a03.png,https://s.gr-assets.com/assets/nophoto/book/50x75-a91bf249278a81aabab721ef782c4a74.png
550,3109,3109,3287769,54,1594200823,9781594200820.0,Michael Pollan,2006.0,The Omnivore's Dilemma,The Omnivore's Dilemma: A Natural History of Four Meals,eng,4.17,133271,147664,11843,1566,4451,22055,58252,61340,https://images.gr-assets.com/books/1393804353m/3109.jpg,https://images.gr-assets.com/books/1393804353s/3109.jpg
560,2175,2175,2766347,1682,192840398,9780192840390.0,"Gustave Flaubert, Margaret Mauldon, Malcolm Bowie, Mark Overstall",1856.0,Madame Bovary,Madame Bovary,eng,3.64,158877,186553,7617,7682,18771,51707,62328,46065,https://images.gr-assets.com/books/1335676143m/2175.jpg,https://images.gr-assets.com/books/1335676143s/2175.jpg
561,378,378,1782584,82,394820371,9780394820380.0,"Norton Juster, Jules Feiffer",1961.0,The Phantom Tollbooth,The Phantom Tollbooth,en-US,4.22,178432,185392,8011,2848,6922,27918,56237,91467,https://s.gr-assets.com/assets/nophoto/book/111x148-bcc042a9c91a29c1d680899eff700a03.png,https://s.gr-assets.com/assets/nophoto/book/50x75-a91bf249278a81aabab721ef782c4a74.png
573,1274,1274,55001,202,60574216,9780060574220.0,John Gray,1998.0,"Men Are from Mars, Women Are from Venus Book of Days: 365 Inspirations to Enrich Your Relationships","Men Are from Mars, Women Are from Venus",en-US,3.52,113915,129520,4191,8235,15283,38147,36751,31104,https://s.gr-assets.com/assets/nophoto/book/111x148-bcc042a9c91a29c1d680899eff700a03.png,https://s.gr-assets.com/assets/nophoto/book/50x75-a91bf249278a81aabab721ef782c4a74.png
586,3682,3682,2113193,65,689875347,9780689875340.0,Libba Bray,2003.0,A Great and Terrible Beauty,"A Great and Terrible Beauty (Gemma Doyle, #1)",eng,3.79,173613,182107,8902,6620,16645,44166,56502,58174,https://images.gr-assets.com/books/1284558475m/3682.jpg,https://images.gr-assets.com/books/1284558475s/3682.jpg
629,1431,1431,3287043,229,61124265,9780061124270.0,"Paulo Coelho, Margaret Jull Costa",1998.0,Veronika decide morrer,Veronika Decides to Die,eng,3.69,111856,132191,6063,5217,12725,35174,43885,35190,https://s.gr-assets.com/assets/nophoto/book/111x148-bcc042a9c91a29c1d680899eff700a03.png,https://s.gr-assets.com/assets/nophoto/book/50x75-a91bf249278a81aabab721ef782c4a74.png
639,93,93,1738595,771,753454947,9780753454950.0,"Johanna Spyri, Angelo  Rinaldi, Beverly Cleary",1880.0,Heidi,Heidi,eng,3.97,144497,154669,2667,2236,8362,37291,50838,55942,https://s.gr-assets.com/assets/nophoto/book/111x148-bcc042a9c91a29c1d680899eff700a03.png,https://s.gr-assets.com/assets/nophoto/book/50x75-a91bf249278a81aabab721ef782c4a74.png
658,3805,3805,941200,133,1841156736,9781841156740.0,Jonathan Franzen,2001.0,The Corrections,The Corrections,eng,3.78,117657,131271,8201,6684,10960,27173,46440,40014,https://images.gr-assets.com/books/1355011305m/3805.jpg,https://images.gr-assets.com/books/1355011305s/3805.jpg
680,1005,30186948,1199320,709,1585424331,9781585424340.0,Napoleon Hill,1937.0,Think and Grow Rich,Think and Grow Rich: The Landmark Bestseller - Now Revised and Updated for the 21st Century,eng,4.17,87445,117444,3272,2764,5469,18408,33331,57472,https://s.gr-assets.com/assets/nophoto/book/111x148-bcc042a9c91a29c1d680899eff700a03.png,https://s.gr-assets.com/assets/nophoto/book/50x75-a91bf249278a81aabab721ef782c4a74.png
687,1067,1067,3364186,38,743226720,9780743226720.0,David McCullough,2005.0,1776,1776,eng,4.06,130293,135378,5963,3155,5468,23230,51681,51844,https://images.gr-assets.com/books/1306787560m/1067.jpg,https://images.gr-assets.com/books/1306787560s/1067.jpg
708,1430,1430,1950213,194,60589280,9780060589290.0,"Paulo Coelho, Margaret Jull Costa",2003.0,Onze minutos,Eleven Minutes,eng,3.69,102206,116141,5444,4444,11306,31202,38487,30702,https://images.gr-assets.com/books/1358266987m/1430.jpg,https://images.gr-assets.com/books/1358266987s/1430.jpg
726,2373,2373,2589896,109,451188454,9780451188460.0,Jeffery Deaver,1997.0,The Bone Collector,"The Bone Collector (Lincoln Rhyme, #1)",en-US,4.18,120541,125250,1785,1165,3101,20494,47836,52654,https://s.gr-assets.com/assets/nophoto/book/111x148-bcc042a9c91a29c1d680899eff700a03.png,https://s.gr-assets.com/assets/nophoto/book/50x75-a91bf249278a81aabab721ef782c4a74.png
857,902,902,869832,38,014240120X,9780142401200.0,Ellen Raskin,1978.0,The Westing Game,The Westing Game,eng,4.03,117108,124343,7814,2682,6710,24165,41664,49122,https://images.gr-assets.com/books/1356850909m/902.jpg,https://images.gr-assets.com/books/1356850909s/902.jpg
870,2199,2199,2861004,40,743270754,9780743270760.0,"Doris Kearns Goodwin, Suzanne Toren",2005.0,Team of Rivals: The Political Genius of Abraham Lincoln,Team of Rivals: The Political Genius of Abraham Lincoln,eng,4.3,102923,107944,5875,3306,3095,11140,31184,59219,https://images.gr-assets.com/books/1347278868m/2199.jpg,https://images.gr-assets.com/books/1347278868s/2199.jpg
893,870,870,1959820,37,1591169208,9781591169210.0,"Hiromu Arakawa, Akira Watanabe",2002.0,鋼の錬金術師 1,"Fullmetal Alchemist, Vol. 1 (Fullmetal Alchemist, #1)",eng,4.49,93990,94768,1103,972,1734,8737,21751,61574,https://s.gr-assets.com/assets/nophoto/book/111x148-bcc042a9c91a29c1d680899eff700a03.png,https://s.gr-assets.com/assets/nophoto/book/50x75-a91bf249278a81aabab721ef782c4a74.png
901,4965,4965,3211895,20,142001430,9780142001430.0,Geraldine Brooks,2001.0,Year of Wonders: A Novel of the Plague,Year of Wonders,eng,4.0,104283,108029,8124,1491,4853,21931,43557,36197,https://images.gr-assets.com/books/1327936622m/4965.jpg,https://images.gr-assets.com/books/1327936622s/4965.jpg
912,6427,6427,617151,76,140255559,9780140255550.0,Janet Evanovich,1996.0,Two for the Dough,"Two for the Dough (Stephanie Plum, #2)",eng,4.11,116171,127548,4045,458,3089,25824,51020,47157,https://images.gr-assets.com/books/1330926461m/6427.jpg,https://images.gr-assets.com/books/1330926461s/6427.jpg
963,5350,5350,1110983,118,385339100,9780385339100.0,John Grisham,1997.0,The Partner,The Partner,,3.89,86870,91921,1896,746,4116,25227,36009,25823,https://s.gr-assets.com/assets/nophoto/book/111x148-bcc042a9c91a29c1d680899eff700a03.png,https://s.gr-assets.com/assets/nophoto/book/50x75-a91bf249278a81aabab721ef782c4a74.png
964,30,30,89369,74,345538374,9780345538380.0,J.R.R. Tolkien,1973.0,The Hobbit and The Lord of the Rings,J.R.R. Tolkien 4-Book Boxed Set: The Hobbit and The Lord of the Rings,eng,4.59,90907,94348,1565,826,1281,5819,19982,66440,https://images.gr-assets.com/books/1346072396m/30.jpg,https://images.gr-assets.com/books/1346072396s/30.jpg
969,1911,1911,711993,83,374292795,9780374292800.0,Thomas L. Friedman,2005.0,The World Is Flat: A Brief History of the Twenty-first Century,The World Is Flat: A Brief History of the Twenty-first Century,en-US,3.66,78271,83905,3277,3342,7529,22896,30500,19638,https://s.gr-assets.com/assets/nophoto/book/111x148-bcc042a9c91a29c1d680899eff700a03.png,https://s.gr-assets.com/assets/nophoto/book/50x75-a91bf249278a81aabab721ef782c4a74.png
1042,365,365,1042123,83,671746723,9780671746730.0,Douglas Adams,1987.0,Dirk Gently's Holistic Detective Agency,Dirk Gently's Holistic Detective Agency (Dirk Gently #1),en-US,3.97,89569,96230,2408,993,4735,22168,36270,32064,https://images.gr-assets.com/books/1404697381m/365.jpg,https://images.gr-assets.com/books/1404697381s/365.jpg
1078,1633,1633,5759,115,142000280,9780142000280.0,David    Allen,2001.0,Getting Things Done: How To Achieve Stress-free Productivity,Getting Things Done: The Art of Stress-Free Productivity,en-GB,3.98,75665,82166,3586,2135,4336,16752,28650,30293,https://images.gr-assets.com/books/1312474060m/1633.jpg,https://images.gr-assets.com/books/1312474060s/1633.jpg
1096,706,706,1589081,20,713998946,9780713998950.0,"Jon Stewart, Ben Karlin, David Javerbaum, Rich Bloomquist, Steve Bodow, Tim Carvell, Eric Drysdale, J.R. Havlan, Scott Jacobson, Tom Johnson, Rob Kutner, Chris Regan, Jason Reich, Jason Ross, Stephen Colbert, Samantha Bee, Rob Corddry, Brendan Hay, Ed Helms",2004.0,America (The Book): A Citizen's Guide to Democracy Inaction,America (The Book): A Citizen's Guide to Democracy Inaction,eng,4.02,74511,79555,1378,1072,3011,16474,31432,27566,https://s.gr-assets.com/assets/nophoto/book/111x148-bcc042a9c91a29c1d680899eff700a03.png,https://s.gr-assets.com/assets/nophoto/book/50x75-a91bf249278a81aabab721ef782c4a74.png
1105,106,106,3634570,140,441172695,9780441172700.0,Frank Herbert,1969.0,Dune Messiah ,Dune Messiah (Dune Chronicles #2),eng,3.86,82580,90432,2283,1026,5333,23541,36242,24290,https://images.gr-assets.com/books/1392528394m/106.jpg,https://images.gr-assets.com/books/1392528394s/106.jpg
1142,816,816,1166797,3,60512806,9780060512800.0,Neal Stephenson,1999.0,Cryptonomicon,Cryptonomicon,eng,4.25,72683,81409,4342,1223,2983,10487,26399,40317,https://images.gr-assets.com/books/1327931476m/816.jpg,https://images.gr-assets.com/books/1327931476s/816.jpg
1154,1301,1301,416305,39,393324818,9780393324820.0,Michael   Lewis,2003.0,Moneyball: The Art of Winning an Unfair Game,Moneyball: The Art of Winning an Unfair Game,en-US,4.24,66406,71498,4030,807,1589,9096,27836,32170,https://s.gr-assets.com/assets/nophoto/book/111x148-bcc042a9c91a29c1d680899eff700a03.png,https://s.gr-assets.com/assets/nophoto/book/50x75-a91bf249278a81aabab721ef782c4a74.png
1160,2052,2052,1222673,238,394758285,9780394758280.0,Raymond Chandler,1939.0,The Big Sleep,"The Big Sleep (Philip Marlowe, #1)",eng,4.04,84489,90652,3884,1521,4056,17190,34743,33142,https://images.gr-assets.com/books/1371584712m/2052.jpg,https://images.gr-assets.com/books/1371584712s/2052.jpg
1216,3273,3273,3303291,20,312304358,9780312304360.0,Alan Brennert,2003.0,Moloka'i,Moloka'i,en-US,4.15,75307,81313,7740,815,2666,12907,32048,32877,https://s.gr-assets.com/assets/nophoto/book/111x148-bcc042a9c91a29c1d680899eff700a03.png,https://s.gr-assets.com/assets/nophoto/book/50x75-a91bf249278a81aabab721ef782c4a74.png
1224,771,8049273,907243,75,375708111,9780375708110.0,Brian Greene,1999.0,"The Elegant Universe: Superstrings, Hidden Dimensions, and the Quest for the Ultimate Theory","The Elegant Universe: Superstrings, Hidden Dimensions, and the Quest for the Ultimate Theory",en-US,4.06,32626,69530,1563,1482,2773,12304,26557,26414,https://s.gr-assets.com/assets/nophoto/book/111x148-bcc042a9c91a29c1d680899eff700a03.png,https://s.gr-assets.com/assets/nophoto/book/50x75-a91bf249278a81aabab721ef782c4a74.png
1262,112,112,3634573,116,441104029,9780441104020.0,Frank Herbert,1976.0,Children of Dune,Children of Dune (Dune Chronicles #3),eng,3.9,74133,79736,1374,861,4425,20138,30723,23589,https://s.gr-assets.com/assets/nophoto/book/111x148-bcc042a9c91a29c1d680899eff700a03.png,https://s.gr-assets.com/assets/nophoto/book/50x75-a91bf249278a81aabab721ef782c4a74.png
1332,360,569429,2842984,107,345418778,9780345418780.0,Douglas Adams,1992.0,Mostly Harmless,"Mostly Harmless (Hitchhiker's Guide to the Galaxy, #5)",en-US,3.96,72426,83424,1788,856,4729,20017,28884,28938,https://images.gr-assets.com/books/1320725132m/360.jpg,https://images.gr-assets.com/books/1320725132s/360.jpg
1392,599,599,929649,16,743236017,9780743236010.0,Chuck Klosterman,2003.0,"Sex, Drugs, and Cocoa Puffs: A Low Culture Manifesto","Sex, Drugs, and Cocoa Puffs: A Low Culture Manifesto",en-US,3.75,56548,57867,3344,1756,4741,14755,21605,15010,https://images.gr-assets.com/books/1380742001m/599.jpg,https://images.gr-assets.com/books/1380742001s/599.jpg
1449,28,28,940892,63,380727501,9780380727510.0,Bill Bryson,1995.0,Notes from a Small Island,Notes from a Small Island,eng,3.91,66947,72421,3323,1073,3717,17241,29024,21366,https://images.gr-assets.com/books/1479653223m/28.jpg,https://images.gr-assets.com/books/1479653223s/28.jpg
1454,7714,7714,184399,416,486282228,9780486282220.0,George Bernard Shaw,1912.0,Pygmalion,Pygmalion,en-US,3.9,70079,75603,1664,895,4044,19262,29217,22185,https://images.gr-assets.com/books/1453757285m/7714.jpg,https://images.gr-assets.com/books/1453757285s/7714.jpg
1458,3388,3388,2771048,105,067976397X,9780679763970.0,Louis de Bernières,1994.0,Captain Corelli's Mandolin,Corelli's Mandolin,eng,3.95,57583,65596,2279,1734,4029,13185,23679,22969,https://images.gr-assets.com/books/1479680795m/3388.jpg,https://images.gr-assets.com/books/1479680795s/3388.jpg
1460,24,24,2611786,76,767903862,9780767903870.0,Bill Bryson,2000.0,Down Under,In a Sunburned Country,eng,4.05,58688,66668,4455,607,2214,12998,28184,22665,https://s.gr-assets.com/assets/nophoto/book/111x148-bcc042a9c91a29c1d680899eff700a03.png,https://s.gr-assets.com/assets/nophoto/book/50x75-a91bf249278a81aabab721ef782c4a74.png
1487,1848,1848,2969000,139,743246985,9780743246990.0,Jung Chang,1991.0,Wild Swans: Three Daughters of China,Wild Swans: Three Daughters of China,en-US,4.23,60193,67548,4426,921,1940,9406,23802,31479,https://s.gr-assets.com/assets/nophoto/book/111x148-bcc042a9c91a29c1d680899eff700a03.png,https://s.gr-assets.com/assets/nophoto/book/50x75-a91bf249278a81aabab721ef782c4a74.png
1506,1427,1427,3341790,154,60832819,9780060832810.0,"Paulo Coelho, Margaret Jull Costa",2005.0,O Zahir,The Zahir,eng,3.56,50921,56047,2731,2677,6561,16568,16990,13251,https://images.gr-assets.com/books/1493044059m/1427.jpg,https://images.gr-assets.com/books/1493044059s/1427.jpg
1597,122,122,649656,82,034541005X,9780345410050.0,Bryce Courtenay,1989.0,The Power of One,"The Power of One (The Power of One, #1)",eng,4.34,57312,60575,4581,698,1628,6814,18645,32790,https://s.gr-assets.com/assets/nophoto/book/111x148-bcc042a9c91a29c1d680899eff700a03.png,https://s.gr-assets.com/assets/nophoto/book/50x75-a91bf249278a81aabab721ef782c4a74.png
1605,6440,6440,1039021,880,140436588,9780140436590.0,Walter Scott,1819.0,Ivanhoe,Ivanhoe,eng,3.75,65828,71368,1780,1770,5665,20339,24748,18846,https://images.gr-assets.com/books/1405336818m/6440.jpg,https://images.gr-assets.com/books/1405336818s/6440.jpg
1683,1171,7865083,855103,44,140143459,9780140143450.0,Michael   Lewis,1989.0,Liar's Poker: Rising Through the Wreckage on Wall Street,Liar's Poker,en-US,4.16,22315,53700,1678,458,1513,8684,21374,21671,https://s.gr-assets.com/assets/nophoto/book/111x148-bcc042a9c91a29c1d680899eff700a03.png,https://s.gr-assets.com/assets/nophoto/book/50x75-a91bf249278a81aabab721ef782c4a74.png
1684,1052,1052,5265,187,451205367,9780451205360.0,George S. Clason,1926.0,,The Richest Man in Babylon,eng,4.23,50206,55675,2524,734,2052,8411,17013,27465,https://images.gr-assets.com/books/1348336780m/1052.jpg,https://images.gr-assets.com/books/1348336780s/1052.jpg
1727,357,357,1096,82,671742515,9780671742520.0,Douglas Adams,1988.0,The Long Dark Tea-Time of the Soul,"The Long Dark Tea-Time of the Soul (Dirk Gently, #2)",en-US,4.05,59276,63769,1458,393,2464,13614,24400,22898,https://images.gr-assets.com/books/1388257271m/357.jpg,https://images.gr-assets.com/books/1388257271s/357.jpg
1739,2666,2666,1080201,92,553381342,9780553381340.0,Tom Wolfe,1987.0,The Bonfire of the Vanities,The Bonfire of the Vanities,eng,3.81,52062,56076,2133,1413,4001,13674,21544,15444,https://s.gr-assets.com/assets/nophoto/book/111x148-bcc042a9c91a29c1d680899eff700a03.png,https://s.gr-assets.com/assets/nophoto/book/50x75-a91bf249278a81aabab721ef782c4a74.png
1783,264,264,1434368,508,141439637,9780141439630.0,"Henry James, Patricia Crick",1881.0,The Portrait of a Lady,The Portrait of a Lady,eng,3.76,55019,59317,2105,1935,4908,15386,20335,16753,https://images.gr-assets.com/books/1502148606m/264.jpg,https://images.gr-assets.com/books/1502148606s/264.jpg
1853,760,760,2166510,165,307278492,9780307278490.0,"Gabriel García Márquez, Edith Grossman",2004.0,Memoria de mis putas tristes,Memories of My Melancholy Whores,eng,3.59,33534,50285,3018,1379,4851,16568,17933,9554,https://images.gr-assets.com/books/1327484658m/760.jpg,https://images.gr-assets.com/books/1327484658s/760.jpg
1936,4659,4659,3359767,94,345469011,9780345469010.0,John Irving,1998.0,A Widow for One Year,A Widow for One Year,,3.74,45051,50081,2298,894,3513,14489,19858,11327,https://images.gr-assets.com/books/1375776653m/4659.jpg,https://images.gr-assets.com/books/1375776653s/4659.jpg
1976,25,25,3419048,69,076790382X,9780767903820.0,Bill Bryson,1998.0,Notes from a Big Country,I'm a Stranger Here Myself: Notes on Returning to America after Twenty Years Away,en-US,3.89,44610,49430,2335,601,2332,12624,20065,13808,https://s.gr-assets.com/assets/nophoto/book/111x148-bcc042a9c91a29c1d680899eff700a03.png,https://s.gr-assets.com/assets/nophoto/book/50x75-a91bf249278a81aabab721ef782c4a74.png
1999,249,249,543143,205,802131786,9780802131780.0,Henry Miller,1934.0,Tropic of Cancer,Tropic of Cancer,eng,3.71,45518,49701,2526,2313,4591,12278,16494,14025,https://images.gr-assets.com/books/1408753140m/249.jpg,https://images.gr-assets.com/books/1408753140s/249.jpg
2026,6138,6138,1044477,260,375757856,9780375757850.0,"Wilkie Collins, Carolyn G. Heilbrun",1868.0,The Moonstone,The Moonstone,eng,3.9,50322,58283,3297,1256,3266,13487,22376,17898,https://images.gr-assets.com/books/1403192382m/6138.jpg,https://images.gr-assets.com/books/1403192382s/6138.jpg
2052,1540,1540,5672,331,015602764X,9780156027650.0,"Sophocles, Dudley Fitts, Elena Bono, Robert Fitzgerald",-401.0,,"The Oedipus Cycle: Oedipus Rex/Oedipus at Colonus/Antigone (The Theban Plays, #1–3)",en-US,3.96,42175,50789,1122,701,2795,11945,17804,17544,https://s.gr-assets.com/assets/nophoto/book/111x148-bcc042a9c91a29c1d680899eff700a03.png,https://s.gr-assets.com/assets/nophoto/book/50x75-a91bf249278a81aabab721ef782c4a74.png
2053,5527,5527,900927,83,156004801,9780156004800.0,Robert Penn Warren,1946.0,All the King’s Men,All the King's Men,eng,4.08,42821,46988,1951,834,2204,8396,16578,18976,https://images.gr-assets.com/books/1342193852m/5527.jpg,https://images.gr-assets.com/books/1342193852s/5527.jpg
2174,2279,2279,1732395,23,671869205,9780671869200.0,David McCullough,1992.0,Truman,Truman,en-US,4.15,53088,54704,1767,1869,2168,7817,17033,25817,https://images.gr-assets.com/books/1364681969m/2279.jpg,https://images.gr-assets.com/books/1364681969s/2279.jpg
2279,27,27,3164459,57,380713802,9780380713810.0,Bill Bryson,1991.0,Neither Here Nor There: Travels in Europe,Neither Here nor There: Travels in Europe,en-US,3.88,42170,45390,2168,874,2545,11191,17477,13303,https://s.gr-assets.com/assets/nophoto/book/111x148-bcc042a9c91a29c1d680899eff700a03.png,https://s.gr-assets.com/assets/nophoto/book/50x75-a91bf249278a81aabab721ef782c4a74.png
2318,998,998,5210,43,671015206,9780671015210.0,"Thomas J. Stanley, William D. Danko",1995.0,The Millionaire Next Door: The Surprising Secrets of America's Wealthy,The Millionaire Next Door: The Surprising Secrets of Americas Wealthy,eng,4.0,43937,46748,2049,645,2318,10382,16665,16738,https://s.gr-assets.com/assets/nophoto/book/111x148-bcc042a9c91a29c1d680899eff700a03.png,https://s.gr-assets.com/assets/nophoto/book/50x75-a91bf249278a81aabab721ef782c4a74.png
2321,26,26,1888943,47,60920084,9780060920080.0,Bill Bryson,1989.0,The Lost Continent: Travels in Small-Town America,The Lost Continent: Travels in Small Town America,en-US,3.83,40254,42202,2119,1100,2653,10395,16124,11930,https://images.gr-assets.com/books/1404042682m/26.jpg,https://images.gr-assets.com/books/1404042682s/26.jpg
2337,431,431,2343071,102,143039830,9780143039840.0,"Paul Auster, Art Spiegelman",1987.0,The New York Trilogy,The New York Trilogy,eng,3.92,34730,42965,2418,807,2663,9082,17098,13315,https://images.gr-assets.com/books/1386924429m/431.jpg,https://images.gr-assets.com/books/1386924429s/431.jpg
2366,1715,1715,2870411,437,014044789X,9780140447900.0,"Ovid, David Raeburn, Denis Feeney",8.0,Metamorphoses,Metamorphoses,eng,4.03,42590,47948,1121,680,2239,10119,16766,18144,https://s.gr-assets.com/assets/nophoto/book/111x148-bcc042a9c91a29c1d680899eff700a03.png,https://s.gr-assets.com/assets/nophoto/book/50x75-a91bf249278a81aabab721ef782c4a74.png
2474,1303,1303,1297604,66,140280197,9780140280200.0,"Robert Greene, Joost Elffers",1988.0,The 48 Laws of Power,The 48 Laws of Power,,4.18,37613,40152,2166,927,1790,5953,12041,19441,https://s.gr-assets.com/assets/nophoto/book/111x148-bcc042a9c91a29c1d680899eff700a03.png,https://s.gr-assets.com/assets/nophoto/book/50x75-a91bf249278a81aabab721ef782c4a74.png
2491,117,117,3634575,86,441328008,9780441328000.0,Frank Herbert,1984.0,Heretics of Dune,Heretics of Dune (Dune Chronicles #5),eng,3.83,40415,43369,612,715,3037,11673,15212,12732,https://s.gr-assets.com/assets/nophoto/book/111x148-bcc042a9c91a29c1d680899eff700a03.png,https://s.gr-assets.com/assets/nophoto/book/50x75-a91bf249278a81aabab721ef782c4a74.png
2737,6588,6588,1877371,80,446610224,9780446610220.0,James Patterson,2003.0,The Big Bad Wolf  ,"The Big Bad Wolf  (Alex Cross, #9)",en-US,3.97,37060,40235,938,320,1590,9647,16019,12659,https://images.gr-assets.com/books/1388328154m/6588.jpg,https://images.gr-assets.com/books/1388328154s/6588.jpg
2744,1192,1192,5387,4,1400052580,9781400052580.0,Giada De Laurentiis,2005.0,Everyday Italian: 125 Simple and Delicious Recipes,Everyday Italian: 125 Simple and Delicious Recipes,,3.97,32751,32871,209,1008,1636,6966,10955,12306,https://s.gr-assets.com/assets/nophoto/book/111x148-bcc042a9c91a29c1d680899eff700a03.png,https://s.gr-assets.com/assets/nophoto/book/50x75-a91bf249278a81aabab721ef782c4a74.png
2817,105,105,3634569,72,441102670,9780441102680.0,Frank Herbert,1985.0,Chapterhouse: Dune,Chapterhouse: Dune (Dune Chronicles #6),eng,3.89,34822,37155,552,676,2612,9170,12496,12201,https://images.gr-assets.com/books/1260954505m/105.jpg,https://images.gr-assets.com/books/1260954505s/105.jpg
2867,1319,1319,722104,29,446691437,9780446691440.0,"Steven Pressfield, Robert McKee",2002.0,The War of Art: Break Through the Blocks and Win Your Inner Creative Battles,The War of Art: Break Through the Blocks & Win Your Inner Creative Battles,en-US,4.07,31399,37038,3578,992,2088,6294,11688,15976,https://s.gr-assets.com/assets/nophoto/book/111x148-bcc042a9c91a29c1d680899eff700a03.png,https://s.gr-assets.com/assets/nophoto/book/50x75-a91bf249278a81aabab721ef782c4a74.png
2985,4538,4538,4242,42,689862210,9780689862210.0,E.L. Konigsburg,1996.0,The View from Saturday,The View from Saturday,,3.74,36803,38226,1748,1549,3151,9697,12950,10879,https://images.gr-assets.com/books/1476944774m/4538.jpg,https://images.gr-assets.com/books/1476944774s/4538.jpg
3106,3698,3698,1469913,135,143039024,9780143039020.0,"Graham Greene, Robert  Stone",1955.0,The Quiet American,The Quiet American,eng,3.96,30395,34078,2105,278,1386,7443,15431,9540,https://s.gr-assets.com/assets/nophoto/book/111x148-bcc042a9c91a29c1d680899eff700a03.png,https://s.gr-assets.com/assets/nophoto/book/50x75-a91bf249278a81aabab721ef782c4a74.png
3230,119,119,4479,7,618212906,9780618212900.0,Gary Russell,2002.0,The Lord of the Rings: The Art of The Fellowship of the Ring,The Lord of the Rings: The Art of The Fellowship of the Ring,en-US,4.59,24340,24412,67,211,220,1751,5011,17219,https://s.gr-assets.com/assets/nophoto/book/111x148-bcc042a9c91a29c1d680899eff700a03.png,https://s.gr-assets.com/assets/nophoto/book/50x75-a91bf249278a81aabab721ef782c4a74.png
3255,4708,4708,2432116,522,743451503,9780743451500.0,F. Scott Fitzgerald,1922.0,The Beautiful and Damned,The Beautiful and Damned,,3.75,26597,33692,2050,632,2522,9543,12851,8144,https://s.gr-assets.com/assets/nophoto/book/111x148-bcc042a9c91a29c1d680899eff700a03.png,https://s.gr-assets.com/assets/nophoto/book/50x75-a91bf249278a81aabab721ef782c4a74.png
3275,8,8,21457576,11,439682584,9780439682590.0,"J.K. Rowling, Mary GrandPré",2003.0,,"Harry Potter Boxed Set, Books 1-5 (Harry Potter, #1-5)",eng,4.77,33220,33424,156,317,233,978,3686,28210,https://s.gr-assets.com/assets/nophoto/book/111x148-bcc042a9c91a29c1d680899eff700a03.png,https://s.gr-assets.com/assets/nophoto/book/50x75-a91bf249278a81aabab721ef782c4a74.png
3338,6751,6751,2207382,26,316156116,9780316156110.0,David Foster Wallace,2005.0,Consider the Lobster,Consider the Lobster and Other Essays,eng,4.25,26551,29562,2283,248,717,3541,11853,13203,https://s.gr-assets.com/assets/nophoto/book/111x148-bcc042a9c91a29c1d680899eff700a03.png,https://s.gr-assets.com/assets/nophoto/book/50x75-a91bf249278a81aabab721ef782c4a74.png
3404,1362,1362,488198,262,140449086,9780140449080.0,"Herodotus, Aubrey de Sélincourt, John M. Marincola",-440.0,Ἰστορίαι,The Histories,eng,3.97,28870,31985,864,879,1766,6820,10568,11952,https://images.gr-assets.com/books/1399225547m/1362.jpg,https://images.gr-assets.com/books/1399225547s/1362.jpg
3464,5128,5128,1771312,81,60595183,9780060595180.0,Aldous Huxley,1956.0,The Doors of Perception & Heaven and Hell,The Doors of Perception & Heaven and Hell,eng,3.96,24213,27581,840,250,1360,6570,10522,8879,https://images.gr-assets.com/books/1375947566m/5128.jpg,https://images.gr-assets.com/books/1375947566s/5128.jpg
3499,3061,3061,6924,14,395530075,9780395530080.0,"Kimon Nicolaides, Mamie Harmon",1941.0,The Natural Way to Draw,The Natural Way to Draw,en-US,3.88,30880,30957,50,1709,2349,6567,7798,12534,https://s.gr-assets.com/assets/nophoto/book/111x148-bcc042a9c91a29c1d680899eff700a03.png,https://s.gr-assets.com/assets/nophoto/book/50x75-a91bf249278a81aabab721ef782c4a74.png
3504,67,67,1062798,42,61159174,9780061159180.0,Edward P. Jones,2003.0,The Known World,The Known World,eng,3.82,26550,29459,2825,831,2186,6907,11005,8530,https://s.gr-assets.com/assets/nophoto/book/111x148-bcc042a9c91a29c1d680899eff700a03.png,https://s.gr-assets.com/assets/nophoto/book/50x75-a91bf249278a81aabab721ef782c4a74.png
3560,703,703,911456,76,1400079497,9781400079490.0,Philip Roth,2004.0,The Plot Against America,The Plot Against America,eng,3.71,26262,29204,2482,633,2295,8049,12301,5926,https://images.gr-assets.com/books/1327711853m/703.jpg,https://images.gr-assets.com/books/1327711853s/703.jpg
3570,4820,4820,461542,35,670037605,9780670037600.0,Nathaniel Philbrick,2006.0,"Mayflower: A Story of Courage, Community, and War","Mayflower: A Story of Courage, Community, and War",eng,3.86,25752,27463,2126,547,1573,6686,10958,7699,https://images.gr-assets.com/books/1474488130m/4820.jpg,https://images.gr-assets.com/books/1474488130s/4820.jpg
3598,597,597,2226163,25,743264460,9780743264460.0,Chuck Klosterman,2005.0,Killing Yourself to Live: 85% of a True Story,Killing Yourself to Live: 85% of a True Story,en-US,3.85,23015,23614,1108,457,1414,5826,9442,6475,https://s.gr-assets.com/assets/nophoto/book/111x148-bcc042a9c91a29c1d680899eff700a03.png,https://s.gr-assets.com/assets/nophoto/book/50x75-a91bf249278a81aabab721ef782c4a74.png
3753,10,10,21457570,6,439827604,9780439827610.0,J.K. Rowling,2005.0,"Harry Potter Collection (Harry Potter, #1-6)","Harry Potter Collection (Harry Potter, #1-6)",eng,4.73,24618,26274,882,203,186,946,3891,21048,https://images.gr-assets.com/books/1328867351m/10.jpg,https://images.gr-assets.com/books/1328867351s/10.jpg
3762,7797,7797,10846,16,7169973,9780007169980.0,"Theo LeSieg, Roy McKie",1961.0,Ten Apples Up on Top,Ten Apples Up On Top!,eng,4.11,28034,29020,471,439,1517,6152,7340,13572,https://s.gr-assets.com/assets/nophoto/book/111x148-bcc042a9c91a29c1d680899eff700a03.png,https://s.gr-assets.com/assets/nophoto/book/50x75-a91bf249278a81aabab721ef782c4a74.png
3764,4645,4645,621924,125,684862212,9780684862220.0,Ernest Hemingway,1938.0,The Snows of Kilimanjaro and Other Stories,The Snows of Kilimanjaro and Other Stories,eng,3.88,21365,27093,1030,388,1539,6693,10765,7708,https://images.gr-assets.com/books/1400889884m/4645.jpg,https://images.gr-assets.com/books/1400889884s/4645.jpg
3787,5182,5182,846655,28,140244824,9780140244820.0,Mary McGarry Morris,1995.0,Songs in Ordinary Time,Songs in Ordinary Time,eng,3.68,27034,27328,489,857,2112,8250,9765,6344,https://s.gr-assets.com/assets/nophoto/book/111x148-bcc042a9c91a29c1d680899eff700a03.png,https://s.gr-assets.com/assets/nophoto/book/50x75-a91bf249278a81aabab721ef782c4a74.png
4014,3562,3562,1223124,137,055323370X,9780553233700.0,L.M. Montgomery,1923.0,Emily of New Moon,"Emily of New Moon (Emily, #1)",eng,4.09,33317,34636,1152,449,1371,6963,11736,14117,https://images.gr-assets.com/books/1327883976m/3562.jpg,https://images.gr-assets.com/books/1327883976s/3562.jpg
4034,353,353,75443,53,,,Robert A. Heinlein,1973.0,Time Enough for Love,Time Enough for Love,eng,3.96,25603,27482,683,663,1766,5936,8866,10251,https://s.gr-assets.com/assets/nophoto/book/111x148-bcc042a9c91a29c1d680899eff700a03.png,https://s.gr-assets.com/assets/nophoto/book/50x75-a91bf249278a81aabab721ef782c4a74.png
4043,5508,5508,318156,12,140369260,9780140369270.0,"Ruud van der Rol, Rian Verhoeven, Anna Quindlen, Anne Frank, Tony Langham, Plym Peters",1992.0,Anne Frank: Beyond the Diary - A Photographic Remembrance,Anne Frank: Beyond the Diary - A Photographic Remembrance,,4.25,22725,22852,181,499,720,3250,6564,11819,https://s.gr-assets.com/assets/nophoto/book/111x148-bcc042a9c91a29c1d680899eff700a03.png,https://s.gr-assets.com/assets/nophoto/book/50x75-a91bf249278a81aabab721ef782c4a74.png
4079,29,29,2170063,28,380715430,9780380715440.0,Bill Bryson,1990.0,The Mother Tongue: English and How It Got That Way,The Mother Tongue: English and How It Got That Way,en-US,3.95,24133,26951,1993,333,1280,6050,10985,8303,https://images.gr-assets.com/books/1388209925m/29.jpg,https://images.gr-assets.com/books/1388209925s/29.jpg
4081,231,231,1005335,53,312424442,9780312424440.0,Tom Wolfe,2004.0,,I am Charlotte Simmons,en-US,3.4,19293,21580,1891,1481,2886,6557,6890,3766,https://s.gr-assets.com/assets/nophoto/book/111x148-bcc042a9c91a29c1d680899eff700a03.png,https://s.gr-assets.com/assets/nophoto/book/50x75-a91bf249278a81aabab721ef782c4a74.png
4119,2094,2094,16552333,89,553804367,9780553804360.0,"Stephen Hawking, Leonard Mlodinow",2005.0,A Briefer History of Time,A Briefer History of Time,eng,4.19,19838,22637,888,228,574,3555,8647,9633,https://s.gr-assets.com/assets/nophoto/book/111x148-bcc042a9c91a29c1d680899eff700a03.png,https://s.gr-assets.com/assets/nophoto/book/50x75-a91bf249278a81aabab721ef782c4a74.png
4149,1519,1519,2378,255,140443339,9780140443330.0,"Aeschylus, Robert Fagles, William Bedell Stanford",-458.0,Ὀρέστεια,"The Oresteia  (Ορέστεια, #1-3)",eng,3.99,24588,28162,705,323,1471,6415,9813,10140,https://images.gr-assets.com/books/1391822282m/1519.jpg,https://images.gr-assets.com/books/1391822282s/1519.jpg
4229,36,36,4414,12,618391002,9780618391000.0,"Chris   Smith, Christopher Lee, Richard Taylor",,The Lord of the Rings: Weapons and Warfare,The Lord of the Rings: Weapons and Warfare,eng,4.53,18788,18911,49,297,282,1556,3743,13033,https://s.gr-assets.com/assets/nophoto/book/111x148-bcc042a9c91a29c1d680899eff700a03.png,https://s.gr-assets.com/assets/nophoto/book/50x75-a91bf249278a81aabab721ef782c4a74.png
4268,880,880,268880,109,812974611,9780812974610.0,Robert   Harris,2003.0,Pompeii,Pompeii,eng,3.79,22734,26679,1800,344,1682,7409,11015,6229,https://s.gr-assets.com/assets/nophoto/book/111x148-bcc042a9c91a29c1d680899eff700a03.png,https://s.gr-assets.com/assets/nophoto/book/50x75-a91bf249278a81aabab721ef782c4a74.png
4298,668,668,1711534,63,451187849,9780451187840.0,"Ayn Rand, Leonard Peikoff",1936.0,We the Living,We the Living,eng,3.89,20994,22571,1178,647,1531,5121,7689,7583,https://images.gr-assets.com/books/1306188481m/668.jpg,https://images.gr-assets.com/books/1306188481s/668.jpg
4602,275,275,1009849,148,375700528,9780375700520.0,"Marguerite Duras, Barbara Bray, Maxine Hong Kingston",1984.0,L'Amant,The Lover,eng,3.76,18947,24857,1684,656,2197,6541,8632,6831,https://images.gr-assets.com/books/1423329337m/275.jpg,https://images.gr-assets.com/books/1423329337s/275.jpg
4691,1624,1624,192528,54,865471185,9780865471180.0,Beryl Markham,1942.0,West with the Night,West with the Night,en-US,4.18,19738,21928,2226,268,712,3554,7631,9763,https://images.gr-assets.com/books/1368204688m/1624.jpg,https://images.gr-assets.com/books/1368204688s/1624.jpg
4731,1305,1305,1154187,49,055338368X,9780553383680.0,Steven Pressfield,1998.0,Gates of Fire: An Epic Novel of the Battle of Thermopylae,Gates of Fire: An Epic Novel of the Battle of Thermopylae,,4.4,17952,21093,1561,156,421,2190,6333,11993,https://s.gr-assets.com/assets/nophoto/book/111x148-bcc042a9c91a29c1d680899eff700a03.png,https://s.gr-assets.com/assets/nophoto/book/50x75-a91bf249278a81aabab721ef782c4a74.png
4908,900,900,387,44,60554738,9780060554740.0,Neil Strauss,2005.0,The Game,The Game: Penetrating the Secret Society of Pickup Artists,en-US,3.73,16698,19145,1517,702,1643,4766,6953,5081,https://images.gr-assets.com/books/1410129471m/900.jpg,https://images.gr-assets.com/books/1410129471s/900.jpg
4937,903,903,1731888,25,808553038,9780808553040.0,Zilpha Keatley Snyder,1967.0,The Egypt Game,"The Egypt Game (Game, #1)",eng,3.81,26657,28206,1140,798,2070,7229,9716,8393,https://s.gr-assets.com/assets/nophoto/book/111x148-bcc042a9c91a29c1d680899eff700a03.png,https://s.gr-assets.com/assets/nophoto/book/50x75-a91bf249278a81aabab721ef782c4a74.png
4983,3692,3692,3266950,100,99478420,9780099478420.0,Graham Greene,1948.0,The Heart of the Matter,The Heart of the Matter,eng,3.98,19149,21135,995,275,953,4426,8660,6821,https://s.gr-assets.com/assets/nophoto/book/111x148-bcc042a9c91a29c1d680899eff700a03.png,https://s.gr-assets.com/assets/nophoto/book/50x75-a91bf249278a81aabab721ef782c4a74.png
5146,424,424,1844,34,374521727,9780374521720.0,Joan Didion,1968.0,Slouching Towards Bethlehem: Essays,Slouching Towards Bethlehem,,4.24,17787,20348,1571,146,558,2866,7513,9265,https://images.gr-assets.com/books/1327952074m/424.jpg,https://images.gr-assets.com/books/1327952074s/424.jpg
5150,446,446,1991577,66,312426232,9780312426230.0,Paul Auster,2005.0,The Brooklyn Follies,The Brooklyn Follies,eng,3.81,15635,18350,1348,241,1057,4746,8145,4161,https://s.gr-assets.com/assets/nophoto/book/111x148-bcc042a9c91a29c1d680899eff700a03.png,https://s.gr-assets.com/assets/nophoto/book/50x75-a91bf249278a81aabab721ef782c4a74.png
5180,2368,2368,54350,25,671447548,9780671447540.0,David McCullough,1981.0,Mornings on Horseback,Mornings on Horseback,en-US,4.1,18321,18950,1073,422,706,3092,7000,7730,https://s.gr-assets.com/assets/nophoto/book/111x148-bcc042a9c91a29c1d680899eff700a03.png,https://s.gr-assets.com/assets/nophoto/book/50x75-a91bf249278a81aabab721ef782c4a74.png
5306,822,822,934263,35,60733357,9780060733350.0,Neal Stephenson,2004.0,The Confusion,"The Confusion (The Baroque Cycle, #2)",en-US,4.24,17381,19175,621,144,580,2647,6995,8809,https://images.gr-assets.com/books/1407706997m/822.jpg,https://images.gr-assets.com/books/1407706997s/822.jpg
5315,428,428,4703,35,374529949,9780374529950.0,"Joan Didion, David Thomson",1970.0,Play It as It Lays,Play It as It Lays,eng,3.86,17411,18447,1440,321,1263,4385,7114,5364,https://images.gr-assets.com/books/1327935636m/428.jpg,https://images.gr-assets.com/books/1327935636s/428.jpg
5508,3581,3581,6658462,13,553212419,9780553212420.0,Arthur Conan Doyle,1927.0,"Sherlock Holmes: The Complete Novels and Stories, Volume I","Sherlock Holmes: The Complete Novels and Stories, Volume I",eng,4.45,17950,18082,505,92,194,1676,5641,10479,https://images.gr-assets.com/books/1320490450m/3581.jpg,https://images.gr-assets.com/books/1320490450s/3581.jpg
5629,5198,5198,2458248,60,452280397,9780452280400.0,Toni Morrison,1997.0,,Paradise,eng,3.77,17524,19079,775,685,1415,4877,6688,5414,https://images.gr-assets.com/books/1327935897m/5198.jpg,https://images.gr-assets.com/books/1327935897s/5198.jpg
5667,5175,5175,3266662,25,038079487X,9780380794870.0,Pearl Cleage,1997.0,What Looks Like Crazy on an Ordinary Day,"What Looks Like Crazy on an Ordinary Day (Idlewild, #1)",eng,3.7,17853,18444,610,359,1568,5728,6439,4350,https://s.gr-assets.com/assets/nophoto/book/111x148-bcc042a9c91a29c1d680899eff700a03.png,https://s.gr-assets.com/assets/nophoto/book/50x75-a91bf249278a81aabab721ef782c4a74.png
5808,3381,3381,919466,31,1582344159,9781582344160.0,Douglas Coupland,2003.0,Hey Nostradamus!,Hey Nostradamus!,eng,3.72,14645,16109,621,309,1152,4904,6137,3607,https://s.gr-assets.com/assets/nophoto/book/111x148-bcc042a9c91a29c1d680899eff700a03.png,https://s.gr-assets.com/assets/nophoto/book/50x75-a91bf249278a81aabab721ef782c4a74.png
5915,304,304,313957,243,037576013X,9780375760140.0,"George Eliot, Edmund White",1876.0,Daniel Deronda,Daniel Deronda,eng,3.82,17723,19145,728,543,1361,4705,6835,5701,https://images.gr-assets.com/books/1320432000m/304.jpg,https://images.gr-assets.com/books/1320432000s/304.jpg
6066,1627,1627,1795113,19,743271327,9780743271320.0,Annie Proulx,1997.0,Brokeback Mountain,Brokeback Mountain,en-US,3.93,19871,21992,1616,417,1250,4943,8306,7076,https://s.gr-assets.com/assets/nophoto/book/111x148-bcc042a9c91a29c1d680899eff700a03.png,https://s.gr-assets.com/assets/nophoto/book/50x75-a91bf249278a81aabab721ef782c4a74.png
6123,348,348,2055615,75,345413997,9780345413990.0,Robert A. Heinlein,1957.0,The Door into Summer,The Door Into Summer,eng,4.0,15298,18028,829,132,745,4180,6964,6007,https://images.gr-assets.com/books/1342241886m/348.jpg,https://images.gr-assets.com/books/1342241886s/348.jpg
6175,8951,8951,3214277,49,316016659,9780316016650.0,Darren Shan,2002.0,"The Lake of Souls (Cirque Du Freak, #10)","The Lake of Souls (Cirque Du Freak, #10)",,4.19,16803,18281,405,188,796,3094,5525,8678,https://images.gr-assets.com/books/1255988654m/8951.jpg,https://images.gr-assets.com/books/1255988654s/8951.jpg
6223,3763,3763,171188,135,142003239,9780142003240.0,Ian Fleming,1954.0,Live and Let Die,"Live and Let Die (James Bond, #2)",eng,3.62,14230,17626,1146,218,1337,6315,6773,2983,https://images.gr-assets.com/books/1327953982m/3763.jpg,https://images.gr-assets.com/books/1327953982s/3763.jpg
6351,3858,3858,4227,29,767915747,9780767915750.0,Sarah Macdonald,2002.0,Holy Cow: An Indian Adventure,Holy Cow: An Indian Adventure,eng,3.51,13627,14205,1088,674,1599,4467,4672,2793,https://s.gr-assets.com/assets/nophoto/book/111x148-bcc042a9c91a29c1d680899eff700a03.png,https://s.gr-assets.com/assets/nophoto/book/50x75-a91bf249278a81aabab721ef782c4a74.png
6755,2915,2915,6815,39,044022750X,9780440227500.0,Gary Paulsen,1991.0,The River,"The River (Brian's Saga, #2)",,3.77,14198,16545,891,233,1225,5077,5558,4452,https://s.gr-assets.com/assets/nophoto/book/111x148-bcc042a9c91a29c1d680899eff700a03.png,https://s.gr-assets.com/assets/nophoto/book/50x75-a91bf249278a81aabab721ef782c4a74.png
6787,250,250,1190908,111,802151825,9780802151830.0,Henry Miller,1938.0,Tropic of Capricorn,Tropic of Capricorn,eng,3.85,12082,13487,529,352,939,3153,5005,4038,https://images.gr-assets.com/books/1417652073m/250.jpg,https://images.gr-assets.com/books/1417652073s/250.jpg
6844,447,447,168560,54,140115854,9780140115860.0,Paul Auster,1989.0,Moon Palace,Moon Palace,eng,3.99,12170,14552,622,149,674,3044,6009,4676,https://s.gr-assets.com/assets/nophoto/book/111x148-bcc042a9c91a29c1d680899eff700a03.png,https://s.gr-assets.com/assets/nophoto/book/50x75-a91bf249278a81aabab721ef782c4a74.png
6870,698,698,3140490,51,307263940,9780307263940.0,Anne Tyler,2006.0,Digging to America,Digging to America,eng,3.53,15484,17260,1974,290,1589,6406,6627,2348,https://images.gr-assets.com/books/1327901292m/698.jpg,https://images.gr-assets.com/books/1327901292s/698.jpg
6937,840,840,18518,38,465067107,9780465067110.0,Donald A. Norman,1988.0,The Psychology of Everyday Things,The Design of Everyday Things,en-US,4.18,11838,15202,1192,88,483,2327,6020,6284,https://s.gr-assets.com/assets/nophoto/book/111x148-bcc042a9c91a29c1d680899eff700a03.png,https://s.gr-assets.com/assets/nophoto/book/50x75-a91bf249278a81aabab721ef782c4a74.png
6961,2142,2142,54935,29,849945119,9780849945110.0,Ted Dekker,2002.0,Blink,Blink,,4.17,12037,14057,747,143,482,2445,4810,6177,https://s.gr-assets.com/assets/nophoto/book/111x148-bcc042a9c91a29c1d680899eff700a03.png,https://s.gr-assets.com/assets/nophoto/book/50x75-a91bf249278a81aabab721ef782c4a74.png
7003,825,825,934262,30,553573861,9780553573860.0,Neal Stephenson,1988.0,Zodiac,Zodiac,eng,3.7,13353,14803,569,118,920,4989,6026,2750,https://s.gr-assets.com/assets/nophoto/book/111x148-bcc042a9c91a29c1d680899eff700a03.png,https://s.gr-assets.com/assets/nophoto/book/50x75-a91bf249278a81aabab721ef782c4a74.png
7427,3750,3750,1387985,117,142002062,9780142002060.0,Ian Fleming,1955.0,Moonraker,"Moonraker (James Bond, #3)",eng,3.7,12016,14685,905,97,921,5041,5820,2806,https://s.gr-assets.com/assets/nophoto/book/111x148-bcc042a9c91a29c1d680899eff700a03.png,https://s.gr-assets.com/assets/nophoto/book/50x75-a91bf249278a81aabab721ef782c4a74.png
7462,456,456,1128381,50,140178139,9780140178140.0,Paul Auster,1992.0,Leviathan,Leviathan,eng,3.95,10002,11794,517,105,490,2684,5165,3350,https://s.gr-assets.com/assets/nophoto/book/111x148-bcc042a9c91a29c1d680899eff700a03.png,https://s.gr-assets.com/assets/nophoto/book/50x75-a91bf249278a81aabab721ef782c4a74.png
7544,5055,5055,879303,95,451211472,9780451211480.0,Ken Follett,1991.0,Night over Water,Night Over Water,eng,3.78,12329,14769,718,148,799,4455,6174,3193,https://s.gr-assets.com/assets/nophoto/book/111x148-bcc042a9c91a29c1d680899eff700a03.png,https://s.gr-assets.com/assets/nophoto/book/50x75-a91bf249278a81aabab721ef782c4a74.png
7683,98,98,4462,45,761129588,9780761129580.0,"Heidi Murkoff, Sharon Mazel, Heidi Murkoff, Arlene Eisenberg, Sandee Hathaway, Mark D. Widome",1989.0,What to Expect the First Year,What to Expect the First Year (What to Expect),eng,3.86,10807,13247,784,359,816,3301,4586,4185,https://s.gr-assets.com/assets/nophoto/book/111x148-bcc042a9c91a29c1d680899eff700a03.png,https://s.gr-assets.com/assets/nophoto/book/50x75-a91bf249278a81aabab721ef782c4a74.png
7749,3379,3379,91467,32,1582342156,9781582342150.0,Douglas Coupland,2001.0,All Families Are Psychotic,All Families are Psychotic,,3.69,10461,11830,531,211,923,3638,4592,2466,https://s.gr-assets.com/assets/nophoto/book/111x148-bcc042a9c91a29c1d680899eff700a03.png,https://s.gr-assets.com/assets/nophoto/book/50x75-a91bf249278a81aabab721ef782c4a74.png
7904,355,355,924656,32,345316509,9780345316510.0,Robert A. Heinlein,1984.0,Job: A Comedy of Justice,Job: A Comedy of Justice,en-US,3.77,14592,14901,415,349,1295,4031,4962,4264,https://images.gr-assets.com/books/1438043968m/355.jpg,https://images.gr-assets.com/books/1438043968s/355.jpg
7994,952,952,5166,35,1881273652,9781881273650.0,"Gary Chapman, D. Ross Campbell",1995.0,The Five Love Languages of Children,The Five Love Languages of Children,,4.21,9744,12513,1329,97,350,1998,4476,5592,https://s.gr-assets.com/assets/nophoto/book/111x148-bcc042a9c91a29c1d680899eff700a03.png,https://s.gr-assets.com/assets/nophoto/book/50x75-a91bf249278a81aabab721ef782c4a74.png
8179,4076,4076,7786,38,1861977166,9781861977170.0,"Tom Peters, Robert H. Waterman Jr.",1982.0,In Search of Excellence,In Search of Excellence: Lessons from America's Best-Run Companies,,3.91,9469,10121,151,267,636,2254,3544,3420,https://s.gr-assets.com/assets/nophoto/book/111x148-bcc042a9c91a29c1d680899eff700a03.png,https://s.gr-assets.com/assets/nophoto/book/50x75-a91bf249278a81aabab721ef782c4a74.png
8334,3757,3757,3131771,127,142002038,9780142002030.0,Ian Fleming,1958.0,Dr. No,"Doctor No (James Bond, #6)",eng,3.76,10569,13460,686,121,754,4202,5509,2874,https://s.gr-assets.com/assets/nophoto/book/111x148-bcc042a9c91a29c1d680899eff700a03.png,https://s.gr-assets.com/assets/nophoto/book/50x75-a91bf249278a81aabab721ef782c4a74.png
8375,2068,2068,1835,24,068482471X,9780684824710.0,Daniel C. Dennett,1995.0,Darwin's Dangerous Idea: Evolution and the Meanings of Life,Darwin's Dangerous Idea: Evolution and the Meanings of Life,en-US,4.03,11090,11292,222,276,592,2164,3717,4543,https://s.gr-assets.com/assets/nophoto/book/111x148-bcc042a9c91a29c1d680899eff700a03.png,https://s.gr-assets.com/assets/nophoto/book/50x75-a91bf249278a81aabab721ef782c4a74.png
8492,676,676,752463,10,375755195,9780375755190.0,Billy Collins,2001.0,Sailing Alone Around the Room: New and Selected Poems,Sailing Alone Around the Room: New and Selected Poems,eng,4.24,10999,11254,575,213,352,1423,3853,5413,https://images.gr-assets.com/books/1403183272m/676.jpg,https://images.gr-assets.com/books/1403183272s/676.jpg
8588,432,432,2434710,25,140097317,9780140097310.0,Paul Auster,1985.0,City of Glass,"City of Glass (The New York Trilogy, #1)",eng,3.81,10157,11176,683,230,853,2758,4320,3015,https://images.gr-assets.com/books/1309986722m/432.jpg,https://images.gr-assets.com/books/1309986722s/432.jpg
8688,665,665,443285,53,451163931,9780451163940.0,"Ayn Rand, Nathaniel Branden",1961.0,The Virtue of Selfishness: A New Concept of Egoism,The Virtue of Selfishness: A New Concept of Egoism,eng,3.47,10198,10682,433,1337,1071,2463,2837,2974,https://images.gr-assets.com/books/1425001997m/665.jpg,https://images.gr-assets.com/books/1425001997s/665.jpg
8906,2677,2677,2854559,27,486287599,9780486287590.0,Jonathan Swift,1729.0,A Modest Proposal and Other Satirical Works,A Modest Proposal and Other Satirical Works,eng,4.04,12499,12988,168,141,514,2764,4782,4787,https://images.gr-assets.com/books/1264316062m/2677.jpg,https://images.gr-assets.com/books/1264316062s/2677.jpg
8930,1823,1823,5946,20,743233212,9780743233220.0,Jon Ronson,2001.0,Them: Adventures with Extremists,Them: Adventures with Extremists,en-US,3.94,9081,11362,833,71,394,2648,5284,2965,https://s.gr-assets.com/assets/nophoto/book/111x148-bcc042a9c91a29c1d680899eff700a03.png,https://s.gr-assets.com/assets/nophoto/book/50x75-a91bf249278a81aabab721ef782c4a74.png
8934,621,621,806311,27,767923820,9780767923830.0,David Bach,2003.0,The Automatic Millionaire: A Powerful One-Step Plan to Live and Finish Rich,The Automatic Millionaire: A Powerful One-Step Plan to Live and Finish Rich,,3.9,10091,10676,508,211,664,2680,3567,3554,https://s.gr-assets.com/assets/nophoto/book/111x148-bcc042a9c91a29c1d680899eff700a03.png,https://s.gr-assets.com/assets/nophoto/book/50x75-a91bf249278a81aabab721ef782c4a74.png
9032,4099,4099,7809,17,020161622X,9780201616220.0,"Andrew Hunt, Dave Thomas",1999.0,The Pragmatic Programmer: From Journeyman to Master,The Pragmatic Programmer: From Journeyman to Master,en-US,4.31,9416,10466,549,67,229,1218,3841,5111,https://images.gr-assets.com/books/1401432508m/4099.jpg,https://images.gr-assets.com/books/1401432508s/4099.jpg
9048,2002,2002,8621948,5,043932162X,9780439321620.0,J.K. Rowling,2001.0,,Harry Potter Schoolbooks Box Set: Two Classic Books from the Library of Hogwarts School of Witchcraft and Wizardry,eng,4.4,10736,11732,185,106,304,1548,2595,7179,https://images.gr-assets.com/books/1479775271m/2002.jpg,https://images.gr-assets.com/books/1479775271s/2002.jpg
9232,400,400,1011400,65,140156046,9780140156040.0,Don DeLillo,1988.0,Libra ,Libra,eng,3.98,10195,11342,633,156,534,2312,4740,3600,https://images.gr-assets.com/books/1327935630m/400.jpg,https://images.gr-assets.com/books/1327935630s/400.jpg
9454,5052,5052,2879976,87,451216725,9780451216720.0,Ken Follett,2000.0,Code to Zero,Code to Zero,,3.64,9071,11467,666,151,848,3949,4531,1988,https://images.gr-assets.com/books/1309209804m/5052.jpg,https://images.gr-assets.com/books/1309209804s/5052.jpg
9670,1032,1032,1224415,26,345479173,9780345479170.0,"Donald J. Trump, Tony Schwartz",1987.0,Trump: The Art of the Deal,Trump: The Art of the Deal,en-US,3.66,8768,10055,650,614,965,2595,2948,2933,https://s.gr-assets.com/assets/nophoto/book/111x148-bcc042a9c91a29c1d680899eff700a03.png,https://s.gr-assets.com/assets/nophoto/book/50x75-a91bf249278a81aabab721ef782c4a74.png
9732,3028,3028,6894,53,517548233,9780517548230.0,Henry Hazlitt,1946.0,Economics in One Lesson,Economics in One Lesson: The Shortest & Surest Way to Understand Basic Economics,,4.22,9028,10129,823,200,393,1425,3069,5042,https://images.gr-assets.com/books/1320423284m/3028.jpg,https://images.gr-assets.com/books/1320423284s/3028.jpg
9759,386,386,3328037,22,393329402,9780393329410.0,Nick Flynn,2004.0,Another Bullshit Night in Suck City: A Memoir,Another Bullshit Night in Suck City,eng,3.77,8441,8963,909,221,718,2302,3340,2382,https://s.gr-assets.com/assets/nophoto/book/111x148-bcc042a9c91a29c1d680899eff700a03.png,https://s.gr-assets.com/assets/nophoto/book/50x75-a91bf249278a81aabab721ef782c4a74.png
9905,449,449,1344597,45,312263996,9780312264000.0,Paul Auster,1999.0,Timbuktu,Timbuktu,eng,3.66,8272,9588,741,240,916,2828,3502,2102,https://images.gr-assets.com/books/1355142497m/449.jpg,https://images.gr-assets.com/books/1355142497s/449.jpg
9966,9864,9864,3279710,72,312254997,9780312255000.0,Salman Rushdie,1999.0,The Ground Beneath Her Feet,The Ground Beneath Her Feet,eng,3.77,8673,9541,535,264,803,2450,3360,2664,https://s.gr-assets.com/assets/nophoto/book/111x148-bcc042a9c91a29c1d680899eff700a03.png,https://s.gr-assets.com/assets/nophoto/book/50x75-a91bf249278a81aabab721ef782c4a74.png
